id,categoria,alcance,ambiente,version_commit,fecha,esperado,obtenido,estado,raw_ref,sanitized_ref,observaciones
EVID-CP-01,CI,Flutter tests,GitHub Actions,,,,,PENDIENTE,,,
EVID-CP-02,CI,Backend tests,GitHub Actions,,,,,PENDIENTE,,,
EVID-CP-03,CI,Flutter analyze/build,GitHub Actions,,,,,PENDIENTE,,,
EVID-CP-04,CI,Backend containers,GitHub Actions,,,,,PENDIENTE,,,
EVID-E2E-01,Recuperacion,Supabase backup restore M0028,Produccion+Restore temporal,,2026-09-08,Restaurar respaldo verificable y validar integridad antes de M0028,"Restore administrado del snapshot 08 Sep 2026 09:40:13 +0000 completado. Verificación posterior: PostgreSQL 17.6; 27 migraciones; última M0027; 9 esquemas esperados presentes; 8 usuarios; 15 movimientos; 5 documentos; 1 grupo familiar; 2 instrumentos/23 preguntas; 0 respuestas piloto; 0 huérfanos; 0 registros actuales posteriores al snapshot en movimientos/respuestas.",INVESTIGACION,"capturas privadas 2026-09-08",,"Hallazgo crítico: el estado restaurado contiene 8 usuarios y 0 respuestas de piloto, inconsistente con la expectativa metodológica de 10 referentes con preuso ya contestado. No autorizar merge. Determinar si las respuestas preuso fueron realmente persistidas en esta base y si existen respaldos/snapshots anteriores o fuentes locales/exportaciones que permitan recuperar evidencia sin reconstruirla de memoria. El restore administrado se ejecutó sobre producción, no sobre proyecto temporal."
EVID-E2E-02,Almacenamiento,S3 carga lectura autorizada privacidad,Piloto tecnico,,,,,PENDIENTE,,,
EVID-E2E-03,OCR,Textract app-API-S3-Worker-Textract-app,Piloto tecnico,,,,,PENDIENTE,,,
EVID-E2E-04,Correo,SES transaccional,Piloto tecnico,,,,,PENDIENTE,,,
EVID-E2E-05,Push,FCM Android,Piloto tecnico,,,,,PENDIENTE,,,
EVID-E2E-06,Billing,Google Play compra restauracion cancelacion test,Internal Testing,,,,,PENDIENTE,,,
EVID-E2E-07,Infra,Lightsail Cloudflare TLS health,Produccion,,,,,PENDIENTE,,,
EVID-E2E-08,Offline,SQLite outbox reconexion idempotencia conflicto tombstone,Fisico+Emulador,,,,,PENDIENTE,,,
EVID-RNF-01,Rendimiento,Consultas principales <=3s,Cuentas tecnicas,,,,,PENDIENTE,,,
EVID-RNF-02,Rendimiento,Login <=2s,Cuentas tecnicas,,,,,PENDIENTE,,,
EVID-RNF-03,Rendimiento,OCR envio-a-resultado <=5s,Benchmark,,,,,PENDIENTE,,,
EVID-RNF-04,Concurrencia,Hasta 10 usuarios virtuales baja carga,Cuentas tecnicas,,,,,PENDIENTE,,,
EVID-RNF-05,Disponibilidad,Monitor HTTP desde fecha real de alta,Produccion,,,,,PENDIENTE,,,
EVID-OCR-01,Benchmark,Ground truth fecha total comercio,Benchmark privado,,,,,PENDIENTE,,,
EVID-PILOTO-01,Tareas,Registro manual cronometrado,U01-U10,,,,,PENDIENTE,,,
EVID-PILOTO-02,Tareas,OCR cronometrado,U01-U10,,,,,PENDIENTE,,,
EVID-PILOTO-03,Tareas,Presupuesto,U01-U10,,,,,PENDIENTE,,,
EVID-PILOTO-04,Tareas,Reporte proyeccion,U01-U10,,,,,PENDIENTE,,,
EVID-PILOTO-05,Instrumento,Preuso complementario,U01-U10,,,,,PENDIENTE,,,
EVID-PILOTO-06,Instrumento,Postuso final,U01-U10,,,,,PENDIENTE,,,
